Password,Money Available,Last Name,ID,Concerts Purchased,First Name,TicketMiner Membership,Username
Fun!23,17437.56,Bass,417,0,Adam,false,adambass
Fun!23,14763.23,Maldonado,296,0,Adam,true,adammaldonado
Fun!23,12432.76,Disney,11,0,Aladdin,true,aladdindisney
Fun!23,15158.32,Gamez,52,0,Alan,false,alangamez
Fun!23,12124.41,Morris,249,0,Alejandra,false,alejandramorris
Fun!23,13880.69,Vega,87,0,Alex,false,alexvega
Fun!23,13140.96,Cameron,332,0,Alexander,false,alexandercameron
Fun!23,16386.99,Carter,531,0,Alexander,true,alexandercarter
Fun!23,13981.59,Kelly,232,0,Alexander,true,alexanderkelly
Fun!23,13012.78,Wilson,850,0,Alexander,true,alexanderwilson
Fun!23,10297.33,Cook,958,0,Alexandra,true,alexandracook
Fun!23,12409.48,Fox,462,0,Alexandra,true,alexandrafox
Fun!23,16877.36,Robinson,292,0,Alexandra,false,alexandrarobinson
Fun!23,17894.14,Simpson,781,0,Alexandra,true,alexandrasimpson
Fun!23,12185.28,Black,771,0,Alexis,true,alexisblack
Fun!23,16471,Ford,251,0,Alexis,false,alexisford
Fun!23,12149.32,Reta,75,0,Alexis,false,alexisreta
Fun!23,14620.21,Shea,448,0,Alexis,false,alexisshea
Fun!23,10422,Nouri,38,0,Ali,true,alinouri
Fun!23,14190.92,Jenkins,384,0,Alicia,false,aliciajenkins
Fun!23,15199.4,Moran,815,0,Alicia,true,aliciamoran
Fun!23,16867.06,Hicks,849,0,Alison,true,alisonhicks
Fun!23,17408.78,Arnold,637,0,Allen,true,allenarnold
Fun!23,12500.35,Chang,275,0,Allison,true,allisonchang
Fun!23,14851.77,Cross,403,0,Allison,false,allisoncross
Fun!23,14918.94,Weaver,731,0,Allison,true,allisonweaver
Fun!23,17696.71,Kelly,791,0,Alyssa,true,alyssakelly
Fun!23,10807,Poole,674,0,Alyssa,false,alyssapoole
Fun!23,12811.52,Reese,470,0,Alyssa,true,alyssareese
Fun!23,10432.65,Smith,592,0,Alyssa,false,alyssasmith
Fun!23,12148,Baker,1037,0,Amanda,true,amandabaker
Fun!23,12650.74,Johnson,913,0,Amanda,true,amandajohnson
Fun!23,10125.23,Miller,207,0,Amanda,true,amandamiller
Fun!23,11508.66,Shepherd,331,0,Amanda,false,amandashepherd
Fun!23,13090.33,Vang,542,0,Amanda,true,amandavang
Fun!23,14845.39,Brown,359,0,Amber,true,amberbrown
Fun!23,15676.81,Conley,943,0,Amber,true,amberconley
Fun!23,13182.89,Long,619,0,Amber,true,amberlong
Fun!23,12750,Nguyen,608,0,Amber,true,ambernguyen
Fun!23,11984.62,Sellers,488,0,Amber,false,ambersellers
Fun!23,10154.09,Bradley,308,0,Amy,true,amybradley
Fun!23,11932.76,Chase,541,0,Amy,true,amychase
Fun!23,13940.48,Fuller,968,0,Amy,true,amyfuller
Fun!23,16505.94,Hall,954,0,Amy,false,amyhall
Fun!23,12084.53,Mcpherson,502,0,Amy,true,amymcpherson
Fun!23,10037.41,Morse,895,0,Amy,true,amymorse
Fun!23,17149.43,Parsons,847,0,Amy,true,amyparsons
Fun!23,10433.82,Rodriguez,476,0,Amy,true,amyrodriguez
Fun!23,10372.7,Andrade,940,0,Ana,false,anaandrade
Fun!23,15938.27,Ramos,899,0,Andre,true,andreramos
Fun!23,14463.64,Riley,966,0,Andrea,false,andreariley
Fun!23,11231.88,Atkins,695,0,Andrew,false,andrewatkins
Fun!23,10197.53,Campos,236,0,Andrew,true,andrewcampos
Fun!23,12842.75,Garcia,175,0,Andrew,false,andrewgarcia
Fun!23,12362.56,Hall,1001,0,Andrew,false,andrewhall
Fun!23,14177.11,Marshall,616,0,Andrew,false,andrewmarshall
Fun!23,10854.3,Mcclure,612,0,Andrew,false,andrewmcclure
Fun!23,12429.36,Norris,817,0,Andrew,true,andrewnorris
Fun!23,13944.57,Parks,201,0,Andrew,false,andrewparks
Fun!23,12467.31,Torres,583,0,Andrew,true,andrewtorres
Fun!23,14974.77,Barber,494,0,Angel,false,angelbarber
Fun!23,10090.26,Joseph,370,0,Angel,true,angeljoseph
Fun!23,17124.62,Ramos,74,0,Angel,true,angelramos
Fun!23,12996.59,Carney,743,0,Angela,true,angelacarney
Fun!23,14084.51,English,1032,0,Angela,false,angelaenglish
Fun!23,10315.71,Lang,504,0,Angela,false,angelalang
Fun!23,13628.6,Mcintyre,473,0,Angela,true,angelamcintyre
Fun!23,11679.24,Walker,543,0,Angela,false,angelawalker
Fun!23,14467.94,Bruce,269,0,Angelica,true,angelicabruce
Fun!23,11724.56,Fletcher,752,0,Anita,true,anitafletcher
Fun!23,12719.55,Stein,404,0,Anita,true,anitastein
Fun!23,12446.56,Miller,687,0,Ann,false,annmiller
Fun!23,17965.81,Rogers,819,0,Ann,true,annrogers
Fun!23,17852.37,Davis,684,0,Anna,false,annadavis
Fun!23,13907.06,Gutierrez,238,0,Anna,true,annagutierrez
Fun!23,12139.82,Adams,712,0,Anthony,true,anthonyadams
Fun!23,17105.98,Barber,594,0,Anthony,false,anthonybarber
Fun!23,12287.73,Brooks,593,0,Anthony,true,anthonybrooks
Fun!23,13699.01,Byrd,978,0,Anthony,true,anthonybyrd
Fun!23,14456.5,Carson,624,0,Anthony,true,anthonycarson
Fun!23,13373.01,Dalton,460,0,Anthony,false,anthonydalton
Fun!23,10084.9,Hardin,389,0,Anthony,false,anthonyhardin
Fun!23,10505.54,Hunter,420,0,Anthony,false,anthonyhunter
Fun!23,15444.9,Kramer,906,0,Anthony,true,anthonykramer
Fun!23,17885.4,Moore,659,0,Anthony,false,anthonymoore
Fun!23,16005.59,Sanchez,167,0,Anthony,false,anthonysanchez
Fun!23,14164.62,Sims,395,0,Anthony,true,anthonysims
Fun!23,11728.93,Brooks,360,0,Antonio,true,antoniobrooks
Fun!23,17389.79,Edwards,604,0,Antonio,false,antonioedwards
Fun!23,11223.36,Lopez,914,0,April,true,aprillopez
Fun!23,11792.6,Turner,439,0,April,true,aprilturner
Fun!23,16625.15,Lara,225,0,Ariana,false,arianalara
Fun!23,13789.95,Disney,9,0,Ariel,false,arieldisney
Fun!23,16918.5,Cabrera,47,0,Armando,true,armandocabrera
Fun!23,10485.55,Evans,147,0,Ashley,true,ashleyevans
Fun!23,15801.57,Frye,946,0,Ashley,true,ashleyfrye
Fun!23,14337.54,Gilmore,55,0,Ashley,true,ashleygilmore
Fun!23,12393.55,Jones,242,0,Ashley,true,ashleyjones
Fun!23,13210.93,Morales,960,0,Ashley,true,ashleymorales
Fun!23,10575.24,Romero,139,0,Ashley,false,ashleyromero
Fun!23,13415.31,Walker,672,0,Ashley,true,ashleywalker
Fun!23,16996.86,Wilcox,402,0,Ashley,true,ashleywilcox
Fun!23,13647.87,Disney,14,0,Aurora,true,auroradisney
Fun!23,10094.97,Griffin,105,0,Austin,false,austingriffin
Fun!23,16316.21,Lewis,1013,0,Austin,false,austinlewis
Fun!23,13059.45,Jones,469,0,Barbara,true,barbarajones
Fun!23,10622.06,Lane,566,0,Barbara,false,barbaralane
Fun!23,13854.8,Love,896,0,Barbara,false,barbaralove
Fun!23,15772.67,Robertson,252,0,Barbara,false,barbararobertson
Fun!23,11908.6,Disney,20,0,Beast,false,beastdisney
Fun!23,11765.52,Gray,431,0,Becky,false,beckygray
Fun!23,11547.02,Simpson,957,0,Becky,false,beckysimpson
Fun!23,14526.08,Disney,21,0,Belle,false,belledisney
Fun!23,13709.79,Johnson,346,0,Benjamin,true,benjaminjohnson
Fun!23,16940.37,Ramirez,397,0,Benjamin,true,benjaminramirez
Fun!23,14879.77,Moss,1009,0,Beth,true,bethmoss
Fun!23,12746.75,Sharp,634,0,Beth,true,bethsharp
Fun!23,11758.23,Johnson,120,0,Beverly,true,beverlyjohnson
Fun!23,14609.62,Bennett,515,0,Bobby,true,bobbybennett
Fun!23,13201.5,Gonzales,558,0,Bobby,false,bobbygonzales
Fun!23,11129.51,Patel,91,0,Brad,true,bradpatel
Fun!23,10810.68,Bell,575,0,Bradley,false,bradleybell
Fun!23,15528.7,Rodriguez,302,0,Bradley,true,bradleyrodriguez
Fun!23,17947.22,Daniel,813,0,Brandi,true,brandidaniel
Fun!23,10282.81,Gordon,482,0,Brandi,true,brandigordon
Fun!23,11445.52,Dillon,572,0,Brandon,false,brandondillon
Fun!23,10088.94,Flores,658,0,Brandon,true,brandonflores
Fun!23,17647.68,Miller,861,0,Brandon,true,brandonmiller
Fun!23,11917.43,Neal,424,0,Brandon,true,brandonneal
Fun!23,11867.92,Smith,444,0,Brandon,false,brandonsmith
Fun!23,12126.37,Valenzuela,545,0,Brandy,true,brandyvalenzuela
Fun!23,10827.62,Wilkerson,768,0,Brandy,false,brandywilkerson
Fun!23,10836.5,Douglas,316,0,Brenda,false,brendadouglas
Fun!23,15778.18,Phillips,910,0,Brendan,true,brendanphillips
Fun!23,16052,Higgins,879,0,Brett,true,bretthiggins
Fun!23,10424.94,Mathis,945,0,Brett,false,brettmathis
Fun!23,11851.8,Wallace,880,0,Brett,true,brettwallace
Fun!23,17386.46,Andrews,124,0,Brian,false,brianandrews
Fun!23,13196.53,Castillo,262,0,Brian,false,briancastillo
Fun!23,13493.54,Gates,602,0,Brian,true,briangates
Fun!23,17972.12,Hayes,343,0,Brian,false,brianhayes
Fun!23,17252.7,Jacobson,319,0,Brian,false,brianjacobson
Fun!23,11432.41,Jensen,210,0,Brian,true,brianjensen
Fun!23,14649.44,Lopez,472,0,Brian,false,brianlopez
Fun!23,10762,Rojas,757,0,Brian,true,brianrojas
Fun!23,13857.07,Wagner,214,0,Bridget,true,bridgetwagner
Fun!23,16596.09,Andrews,94,0,Brittany,false,brittanyandrews
Fun!23,16953.94,Hawkins,119,0,Brittany,false,brittanyhawkins
Fun!23,11738.97,Nielsen,497,0,Brittany,false,brittanynielsen
Fun!23,16680.26,Ray,228,0,Brittany,true,brittanyray
Fun!23,17523.24,Richard,667,0,Brittany,true,brittanyrichard
Fun!23,13382.39,Weaver,555,0,Brittany,false,brittanyweaver
Fun!23,14169.88,Daniel,748,0,Brittney,false,brittneydaniel
Fun!23,12549.1,Maxwell,1034,0,Brooke,false,brookemaxwell
Fun!23,10744.74,Padilla,255,0,Brooke,true,brookepadilla
Fun!23,14549.93,Clark,499,0,Bruce,true,bruceclark
Fun!23,12638.72,Roque,77,0,Bruno,true,brunoroque
Fun!23,13580.5,Fields,775,0,Bryan,false,bryanfields
Fun!23,11541.36,Hardy,326,0,Bryan,false,bryanhardy
Fun!23,15956.3,Massey,1021,0,Bryan,false,bryanmassey
Fun!23,11665.17,Wise,870,0,Bryan,false,bryanwise
Fun!23,13215.99,Lightyear,17,0,Buzz,false,buzzlightyear
Fun!23,16010.86,Hook,27,0,Captaiin,true,captaiinhook
Fun!23,15603.35,Foley,689,0,Carl,false,carlfoley
Fun!23,12696.6,Irwin,907,0,Carlos,true,carlosirwin
Fun!23,12578.29,Lynch,1012,0,Carlos,true,carloslynch
Fun!23,14841.46,Ortega,68,0,Carlos,false,carlosortega
Fun!23,12795.64,Hays,720,0,Carmen,false,carmenhays
Fun!23,12254.99,Petersen,987,0,Carmen,true,carmenpetersen
Fun!23,14552.64,Elliott,938,0,Carol,true,carolelliott
Fun!23,16860.73,Torres,345,0,Caroline,true,carolinetorres
Fun!23,15647.53,Dunn,875,0,Carolyn,true,carolyndunn
Fun!23,13101.04,Bennett,368,0,Carrie,true,carriebennett
Fun!23,12274.73,Navarro,811,0,Casey,true,caseynavarro
Fun!23,14154.41,Cook,580,0,Cassandra,true,cassandracook
Fun!23,13457.72,Mann,760,0,Catherine,false,catherinemann
Fun!23,16789.48,Jones,218,0,Cesar,false,cesarjones
Fun!23,16072.08,Clark,573,0,Chad,false,chadclark
Fun!23,17862.27,Green,821,0,Chad,false,chadgreen
Fun!23,17574.53,Chambers,1010,0,Charles,true,charleschambers
Fun!23,12499.66,Miller,216,0,Chase,true,chasemiller
Fun!23,13797.57,Gallagher,108,0,Chelsea,true,chelseagallagher
Fun!23,14444.69,Porter,336,0,Chelsea,false,chelseaporter
Fun!23,16601.02,Wilson,324,0,Cheryl,true,cherylwilson
Fun!23,15776.95,Disney,6,0,Chip,true,chipdisney
Fun!23,10130.6,Holden,259,0,Chris,true,chrisholden
Fun!23,10764.18,Jones,570,0,Chris,false,chrisjones
Fun!23,15812.39,King,285,0,Chris,false,chrisking
Fun!23,15739.48,Ellis,866,0,Christian,false,christianellis
Fun!23,12025.97,Gomez,56,0,Christian,true,christiangomez
Fun!23,16242.54,Smith,223,0,Christian,true,christiansmith
Fun!23,10230.41,Carter,902,0,Christina,false,christinacarter
Fun!23,11990.38,Dodson,694,0,Christina,false,christinadodson
Fun!23,14756.33,Jones,591,0,Christina,false,christinajones
Fun!23,14126.47,Villanueva,882,0,Christina,false,christinavillanueva
Fun!23,14979.76,Walker,169,0,Christina,false,christinawalker
Fun!23,12222.4,Wheeler,347,0,Christina,true,christinawheeler
Fun!23,11955.54,Ellis,690,0,Christine,false,christineellis
Fun!23,10671.47,Berry,962,0,Christopher,true,christopherberry
Fun!23,12099.52,Coleman,137,0,Christopher,true,christophercoleman
Fun!23,15973.76,Contreras,98,0,Christopher,true,christophercontreras
Fun!23,15460.59,Craig,576,0,Christopher,false,christophercraig
Fun!23,15022.4,Davis,703,0,Christopher,false,christopherdavis
Fun!23,13754.64,Dominguez,363,0,Christopher,true,christopherdominguez
Fun!23,14415.06,Fields,639,0,Christopher,false,christopherfields
Fun!23,12536.57,Foster,367,0,Christopher,true,christopherfoster
Fun!23,10681.89,Johnson,563,0,Christopher,true,christopherjohnson
Fun!23,15593.42,Jones,357,0,Christopher,true,christopherjones
Fun!23,17611.14,Lucero,863,0,Christopher,true,christopherlucero
Fun!23,15361.68,Melendez,526,0,Christopher,false,christophermelendez
Fun!23,10078.2,Norris,116,0,Christopher,true,christophernorris
Fun!23,10354.66,Ortega,912,0,Christopher,false,christopherortega
Fun!23,13142.76,Osborne,632,0,Christopher,true,christopherosborne
Fun!23,11807.65,Raymond,466,0,Christopher,false,christopherraymond
Fun!23,17406.9,Robinson,662,0,Christopher,false,christopherrobinson
Fun!23,13340.28,Sanford,518,0,Christopher,false,christophersanford
Fun!23,14533.01,Underwood,734,0,Christopher,true,christopherunderwood
Fun!23,11387.22,Wright,247,0,Christopher,false,christopherwright
Fun!23,14180.77,Disney,8,0,Cinderella,true,cinderelladisney
Fun!23,17071.7,Robles,719,0,Cody,true,codyrobles
Fun!23,15240.92,Scott,185,0,Cody,false,codyscott
Fun!23,14305.71,Hall,792,0,Colleen,true,colleenhall
Fun!23,14512.27,Sanchez,629,0,Colleen,false,colleensanchez
Fun!23,12340.72,Torres,512,0,Colleen,true,colleentorres
Fun!23,13907.98,Wilson,565,0,Corey,false,coreywilson
Fun!23,12779.68,Byrd,1036,0,Cory,false,corybyrd
Fun!23,16582.98,Johnson,338,0,Courtney,false,courtneyjohnson
Fun!23,16317.66,Olsen,1008,0,Courtney,false,courtneyolsen
Fun!23,13351.29,Tran,546,0,Courtney,false,courtneytran
Fun!23,14600.56,Brown,777,0,Craig,true,craigbrown
Fun!23,11972.89,Espinoza,165,0,Craig,false,craigespinoza
Fun!23,12305.91,Fleming,831,0,Craig,true,craigfleming
Fun!23,17377.55,Oconnell,387,0,Craig,true,craigoconnell
Fun!23,11413.97,Schaefer,267,0,Craig,false,craigschaefer
Fun!23,12566.22,DeVil,22,0,Cruella,false,cruelladevil
Fun!23,13981.55,Hayes,826,0,Crystal,false,crystalhayes
Fun!23,17557.31,Hudson,109,0,Crystal,false,crystalhudson
Fun!23,11898.65,Johnson,329,0,Crystal,false,crystaljohnson
Fun!23,11030.64,Rice,464,0,Crystal,false,crystalrice
Fun!23,16495.29,Walker,117,0,Crystal,true,crystalwalker
Fun!23,14802.71,Young,636,0,Crystal,false,crystalyoung
Fun!23,13364.43,Phillips,876,0,Curtis,true,curtisphillips
Fun!23,13337.79,Ellis,836,0,Cynthia,false,cynthiaellis
Fun!23,15787.83,Giles,685,0,Cynthia,true,cynthiagiles
Fun!23,15324.86,Powell,587,0,Cynthia,true,cynthiapowell
Fun!23,11177.45,Bender,361,0,Dakota,false,dakotabender
Fun!23,11615.74,Harper,553,0,Dakota,false,dakotaharper
Fun!23,15570.71,Disney,7,0,Dale,true,daledisney
Fun!23,12151.57,Bryant,925,0,Dalton,true,daltonbryant
Fun!23,14889.21,Jones,581,0,Dana,true,danajones
Fun!23,14255.68,Miller,841,0,Dana,false,danamiller
Fun!23,17898.32,Park,922,0,Dana,false,danapark
Fun!23,16807.42,Williams,93,0,Dana,false,danawilliams
Fun!23,10905.16,Foster,371,0,Daniel,true,danielfoster
Fun!23,15102.69,Hampton,133,0,Daniel,true,danielhampton
Fun!23,13065,Holguin,59,0,Daniel,false,danielholguin
Fun!23,14635.47,Mejia,37,0,Daniel,false,danielmejia
Fun!23,13260.24,Olson,97,0,Daniel,false,danielolson
Fun!23,10153.43,Romero,283,0,Daniel,true,danielromero
Fun!23,10179.07,Smith,716,0,Daniel,false,danielsmith
Fun!23,13676.34,Summers,948,0,Daniel,true,danielsummers
Fun!23,16430.93,Chavez,898,0,Danielle,false,daniellechavez
Fun!23,13532.3,Conrad,992,0,Danielle,true,danielleconrad
Fun!23,11991.86,Dorsey,505,0,Danielle,false,danielledorsey
Fun!23,14965.73,Gardner,574,0,Danielle,false,daniellegardner
Fun!23,16571.54,Baker,598,0,Darin,true,darinbaker
Fun!23,13988.65,Porter,250,0,Darin,false,darinporter
Fun!23,14605.65,Russell,536,0,Darlene,true,darlenerussell
Fun!23,14955.31,Shaw,495,0,Darlene,false,darleneshaw
Fun!23,17116.14,Jones,952,0,Darrell,true,darrelljones
Fun!23,14881,Gibbs,611,0,Darren,true,darrengibbs
Fun!23,13972.67,Brown,99,0,David,false,davidbrown
Fun!23,16783.05,Clark,897,0,David,true,davidclark
Fun!23,10643.16,Costa,578,0,David,true,davidcosta
Fun!23,12702.13,Cox,649,0,David,true,davidcox
Fun!23,16750.82,Davila,443,0,David,true,daviddavila
Fun!23,11328.84,Gardner,145,0,David,true,davidgardner
Fun!23,17611.09,Gross,246,0,David,true,davidgross
Fun!23,17084.37,Harvey,600,0,David,false,davidharvey
Fun!23,10794,Hayes,931,0,David,true,davidhayes
Fun!23,11264.63,Johnson,1002,0,David,false,davidjohnson
Fun!23,17802.76,Mills,305,0,David,true,davidmills
Fun!23,13380.85,Soto,407,0,David,true,davidsoto
Fun!23,13313.65,Summers,756,0,David,false,davidsummers
Fun!23,12732.63,Thomas,265,0,David,false,davidthomas
Fun!23,10832.77,Wright,253,0,David,false,davidwright
Fun!23,13841.95,King,282,0,Dawn,true,dawnking
Fun!23,13092.87,Smith,375,0,Dean,true,deansmith
Fun!23,16989.03,Cummings,911,0,Deanna,false,deannacummings
Fun!23,12525.61,Hunt,349,0,Deborah,true,deborahhunt
Fun!23,13434.45,Scott,455,0,Deborah,true,deborahscott
Fun!23,12753.67,Blackwell,503,0,Debra,true,debrablackwell
Fun!23,15040.28,Raymond,795,0,Debra,true,debraraymond
Fun!23,12089.32,Johnson,936,0,Denise,false,denisejohnson
Fun!23,10710.62,Morales,309,0,Denise,true,denisemorales
Fun!23,15033.4,Williams,341,0,Denise,false,denisewilliams
Fun!23,10931.44,Cooper,933,0,Dennis,false,denniscooper
Fun!23,14823.71,Reynolds,532,0,Dennis,true,dennisreynolds
Fun!23,13363.2,Smith,744,0,Dennis,true,dennissmith
Fun!23,16768.89,Irwin,481,0,Derek,true,derekirwin
Fun!23,12875.83,Lopez,630,0,Derek,false,dereklopez
Fun!23,10691.57,Macias,661,0,Derek,true,derekmacias
Fun!23,10731.87,Grant,150,0,Derrick,true,derrickgrant
Fun!23,14696.03,Mapula,66,0,Derrick,true,derrickmapula
Fun!23,15458.93,Ferguson,233,0,Destiny,false,destinyferguson
Fun!23,11217.27,Diaz,391,0,Devin,true,devindiaz
Fun!23,17395.52,Garcia,53,0,Diana,true,dianagarcia
Fun!23,17223.86,Matthews,562,0,Diana,false,dianamatthews
Fun!23,10421.61,Rivera,994,0,Diana,true,dianarivera
Fun!23,10570.04,VallesMartinez,86,0,Diana,false,dianavallesmartinez
Fun!23,13472.14,Lyon,64,0,Dimitri,true,dimitrilyon
Fun!23,15607.4,Duck,2,0,Donald,false,donaldduck
Fun!23,14455.64,Haynes,351,0,Donald,true,donaldhaynes
Fun!23,12841.05,Ramirez,975,0,Donald,false,donaldramirez
Fun!23,13512.56,Tran,638,0,Donald,true,donaldtran
Fun!23,14783.62,Villanueva,919,0,Donald,false,donaldvillanueva
Fun!23,12236.82,Allen,206,0,Donna,true,donnaallen
Fun!23,16764.03,Travis,392,0,Donna,false,donnatravis
Fun!23,16645.86,Mercado,474,0,Doris,true,dorismercado
Fun!23,10638.37,Moore,421,0,Doris,true,dorismoore
Fun!23,15900.93,Cox,244,0,Dorothy,true,dorothycox
Fun!23,10761.95,Bryant,733,0,Douglas,true,douglasbryant
Fun!23,13050.47,Hernandez,709,0,Douglas,true,douglashernandez
Fun!23,16309.98,Mckay,971,0,Douglas,true,douglasmckay
Fun!23,13752.76,Rodriguez,115,0,Douglas,true,douglasrodriguez
Fun!23,11853.02,Oliver,287,0,Dustin,true,dustinoliver
Fun!23,13906.02,Harris,155,0,Dylan,true,dylanharris
Fun!23,11938.12,Lopez,567,0,Dylan,false,dylanlopez
Fun!23,11161.26,Garnica,54,0,Edgar,false,edgargarnica
Fun!23,14729.29,Figueroa,51,0,Eduardo,false,eduardofigueroa
Fun!23,13815.18,Hernandez,142,0,Edward,false,edwardhernandez
Fun!23,10368.09,Jackson,509,0,Edward,false,edwardjackson
Fun!23,16807.31,Johnson,365,0,Edward,false,edwardjohnson
Fun!23,13387.41,Molina,610,0,Edward,true,edwardmolina
Fun!23,11258.04,TomyGeorge,83,0,Edwin,false,edwintomygeorge
Fun!23,11270.35,Quijas,72,0,Efren,false,efrenquijas
Fun!23,17392.98,Alvarez,383,0,Elizabeth,true,elizabethalvarez
Fun!23,13507.63,Castillo,805,0,Elizabeth,true,elizabethcastillo
Fun!23,11190.61,Cordova,356,0,Elizabeth,false,elizabethcordova
Fun!23,12836.41,Cruz,422,0,Elizabeth,false,elizabethcruz
Fun!23,14524.33,Dominguez,773,0,Elizabeth,false,elizabethdominguez
Fun!23,15636.24,Jackson,1005,0,Elizabeth,true,elizabethjackson
Fun!23,13906.44,Kim,306,0,Elizabeth,true,elizabethkim
Fun!23,14556.71,Medina,997,0,Elizabeth,true,elizabethmedina
Fun!23,17285.61,Reyes,650,0,Elizabeth,false,elizabethreyes
Fun!23,16777.27,Rodriguez,939,0,Elizabeth,true,elizabethrodriguez
Fun!23,17439.84,Torres,753,0,Elizabeth,false,elizabethtorres
Fun!23,14128.9,Brady,438,0,Emily,true,emilybrady
Fun!23,14326.64,Chang,900,0,Emily,true,emilychang
Fun!23,14289.97,Cole,884,0,Emily,true,emilycole
Fun!23,16893.11,Estes,809,0,Emily,false,emilyestes
Fun!23,14066.58,Jackson,990,0,Emily,true,emilyjackson
Fun!23,17956.77,Richardson,183,0,Emily,true,emilyrichardson
Fun!23,12092.41,Armstrong,337,0,Emma,false,emmaarmstrong
Fun!23,14673,Padilla,430,0,Emma,false,emmapadilla
Fun!23,16315.43,Ramos,471,0,Eric,false,ericramos
Fun!23,16884.42,Smith,82,0,Eric,true,ericsmith
Fun!23,11267.88,Vazquez,189,0,Eric,false,ericvazquez
Fun!23,15455.39,Burch,924,0,Erica,false,ericaburch
Fun!23,13574.75,Harrison,101,0,Erica,true,ericaharrison
Fun!23,11357.47,Case,243,0,Erik,false,erikcase
Fun!23,17009.59,Lopez,622,0,Erika,true,erikalopez
Fun!23,15753.07,Barton,1026,0,Erin,true,erinbarton
Fun!23,11823.39,Jones,793,0,Erin,false,erinjones
Fun!23,10746.31,Mejia,796,0,Erin,true,erinmejia
Fun!23,15381.49,Bentley,825,0,Ernest,false,ernestbentley
Fun!23,13713.55,Holmes,202,0,Ethan,false,ethanholmes
Fun!23,11606.69,Queen,29,0,Evil,false,evilqueen
Fun!23,10865.9,Carlson,820,0,Felicia,true,feliciacarlson
Fun!23,14725.36,DeSantiago,49,0,Fernando,true,fernandodesantiago
Fun!23,17083,Moore,320,0,Francisco,true,franciscomoore
Fun!23,11183.92,Hansen,496,0,Gabriel,true,gabrielhansen
Fun!23,15263.4,Sanders,665,0,Gabriel,true,gabrielsanders
Fun!23,11064.01,Parker,140,0,Gail,false,gailparker
Fun!23,14483.2,Jones,61,0,Garrett,false,garrettjones
Fun!23,15182.07,Mckenzie,920,0,Gary,false,garymckenzie
Fun!23,16824,Miller,463,0,Gary,false,garymiller
Fun!23,10248.04,Park,835,0,Gary,false,garypark
Fun!23,10749.55,Smith,705,0,Gary,true,garysmith
Fun!23,17351.17,Disney,25,0,Gaston,true,gastondisney
Fun!23,16039.09,Ayala,800,0,George,false,georgeayala
Fun!23,15348.52,Gilbert,855,0,George,true,georgegilbert
Fun!23,17444.72,Proctor,802,0,George,true,georgeproctor
Fun!23,16798.72,Wood,465,0,George,false,georgewood
Fun!23,15215.12,Baker,449,0,Gerald,true,geraldbaker
Fun!23,14730.55,Beltran,560,0,Gerald,true,geraldbeltran
Fun!23,10923.78,Swanson,654,0,Gina,true,ginaswanson
Fun!23,15587.18,Page,303,0,Gloria,false,gloriapage
Fun!23,11231.11,Disney,4,0,Goofy,false,goofydisney
Fun!23,14424.93,Kelley,530,0,Grace,false,gracekelley
Fun!23,14605.48,Loi,63,0,Gregorio,true,gregorioloi
Fun!23,10070.84,Carr,442,0,Gregory,false,gregorycarr
Fun!23,10121.62,Maxwell,311,0,Gregory,true,gregorymaxwell
Fun!23,14526.75,Short,921,0,Gregory,true,gregoryshort
Fun!23,11687.45,Sullivan,280,0,Gregory,false,gregorysullivan
Fun!23,10094.06,Moss,163,0,Haley,false,haleymoss
Fun!23,11449.57,Arias,132,0,Hannah,false,hannaharias
Fun!23,12617.55,Maldonado,506,0,Hannah,true,hannahmaldonado
Fun!23,14364.06,Mcdaniel,779,0,Hayden,false,haydenmcdaniel
Fun!23,12861.25,Cunningham,625,0,Heather,true,heathercunningham
Fun!23,10804.87,Little,585,0,Heather,false,heatherlittle
Fun!23,15202.01,Robbins,596,0,Heather,true,heatherrobbins
Fun!23,10723.92,Whitney,789,0,Hector,false,hectorwhitney
Fun!23,12796.86,Barker,354,0,Heidi,false,heidibarker
Fun!23,16849.72,Page,557,0,Heidi,true,heidipage
Fun!23,10324.3,Salazar,740,0,Henry,false,henrysalazar
Fun!23,13416.41,Disney,33,0,Hercules,true,herculesdisney
Fun!23,10908.35,Cruz,729,0,Holly,false,hollycruz
Fun!23,17291.25,Davidson,799,0,Holly,false,hollydavidson
Fun!23,11014.2,Schneider,647,0,Holly,true,hollyschneider
Fun!23,14929.65,Davenport,751,0,Howard,true,howarddavenport
Fun!23,15321.36,Moore,415,0,Hunter,false,huntermoore
Fun!23,11209.83,Morgan,891,0,Jack,false,jackmorgan
Fun!23,11693.73,Alvarez,40,0,Jacob,false,jacobalvarez
Fun!23,16571.65,Contreras,628,0,Jacob,true,jacobcontreras
Fun!23,11694,Norton,844,0,Jacob,false,jacobnorton
Fun!23,17668.71,Williams,385,0,Jacob,true,jacobwilliams
Fun!23,10722.02,Dunn,284,0,Jacqueline,false,jacquelinedunn
Fun!23,16530.75,Crawford,318,0,Jade,true,jadecrawford
Fun!23,10020.67,Aladdin,18,0,Jafar,true,jafaraladdin
Fun!23,10878.51,Mitchell,559,0,Jake,false,jakemitchell
Fun!23,11759.68,Anderson,652,0,James,false,jamesanderson
Fun!23,16640.09,Brennan,595,0,James,true,jamesbrennan
Fun!23,10553.01,Hammond,190,0,James,false,jameshammond
Fun!23,14793.44,Henderson,241,0,James,true,jameshenderson
Fun!23,12866.24,King,122,0,James,false,jamesking
Fun!23,16218.71,Mitchell,1017,0,James,false,jamesmitchell
Fun!23,11780.75,Morgan,586,0,James,true,jamesmorgan
Fun!23,11283.87,Nolan,199,0,James,true,jamesnolan
Fun!23,14334.02,Pittman,176,0,James,false,jamespittman
Fun!23,16305.82,Romero,263,0,James,true,jamesromero
Fun!23,17504.25,Simmons,964,0,James,true,jamessimmons
Fun!23,12676.59,Simpson,824,0,James,false,jamessimpson
Fun!23,16890.32,Watson,915,0,James,true,jameswatson
Fun!23,16234.34,Brown,996,0,Jamie,false,jamiebrown
Fun!23,11976.34,Conner,517,0,Jamie,true,jamieconner
Fun!23,15086.98,Hernandez,577,0,Jamie,false,jamiehernandez
Fun!23,11093.11,Hughes,617,0,Janet,true,janethughes
Fun!23,16800.04,Perry,620,0,Jared,true,jaredperry
Fun!23,12063.16,Scott,745,0,Jared,false,jaredscott
Fun!23,10312.5,Disney,10,0,Jasmine,false,jasminedisney
Fun!23,14587.69,Ramirez,304,0,Jasmine,false,jasmineramirez
Fun!23,16840.27,Burke,159,0,Jason,true,jasonburke
Fun!23,11023.26,Clark,676,0,Jason,false,jasonclark
Fun!23,14837.89,Lee,677,0,Jason,true,jasonlee
Fun!23,10778.45,Skinner,459,0,Jason,false,jasonskinner
Fun!23,15524.85,Wolfe,327,0,Jason,true,jasonwolfe
Fun!23,13160.39,Ray,589,0,Jeff,false,jeffray
Fun!23,10637.78,Best,696,0,Jeffrey,true,jeffreybest
Fun!23,12881.91,Delgado,209,0,Jeffrey,true,jeffreydelgado
Fun!23,17530.37,Gonzalez,373,0,Jeffrey,false,jeffreygonzalez
Fun!23,11408.99,Luna,295,0,Jeffrey,true,jeffreyluna
Fun!23,11322.69,Marquez,245,0,Jeffrey,false,jeffreymarquez
Fun!23,15437.97,Rodriguez,754,0,Jeffrey,true,jeffreyrodriguez
Fun!23,17637.89,Sloan,342,0,Jeffrey,true,jeffreysloan
Fun!23,15960.27,Weiss,135,0,Jeffrey,false,jeffreyweiss
Fun!23,12806.3,Chase,533,0,Jenna,false,jennachase
Fun!23,15029.39,Bailey,738,0,Jennifer,false,jenniferbailey
Fun!23,17867.92,Carr,758,0,Jennifer,true,jennifercarr
Fun!23,15607.09,Copeland,447,0,Jennifer,false,jennifercopeland
Fun!23,10154.76,Davidson,878,0,Jennifer,false,jenniferdavidson
Fun!23,14505.11,Evans,767,0,Jennifer,true,jenniferevans
Fun!23,12479.41,Guzman,725,0,Jennifer,false,jenniferguzman
Fun!23,15105.56,Hernandez,953,0,Jennifer,false,jenniferhernandez
Fun!23,17316.94,Huang,903,0,Jennifer,false,jenniferhuang
Fun!23,10666.21,Jones,816,0,Jennifer,true,jenniferjones
Fun!23,17277.91,Mills,513,0,Jennifer,false,jennifermills
Fun!23,16545.76,Preston,982,0,Jennifer,true,jenniferpreston
Fun!23,13727.33,Schneider,929,0,Jennifer,false,jenniferschneider
Fun!23,16218.5,Schultz,671,0,Jennifer,false,jenniferschultz
Fun!23,12443.04,Smith,599,0,Jennifer,false,jennifersmith
Fun!23,15320.1,Williams,162,0,Jennifer,true,jenniferwilliams
Fun!23,16117.34,Henry,312,0,Jenny,false,jennyhenry
Fun!23,15125.27,Williamson,374,0,Jeremiah,true,jeremiahwilliamson
Fun!23,11810.72,Alvarez,186,0,Jeremy,false,jeremyalvarez
Fun!23,15830.15,Foster,762,0,Jeremy,true,jeremyfoster
Fun!23,11599.55,Morris,192,0,Jeremy,true,jeremymorris
Fun!23,13774.96,Rocha,969,0,Jeremy,true,jeremyrocha
Fun!23,11700.92,Dean,714,0,Jermaine,false,jermainedean
Fun!23,14172.23,Curtis,134,0,Jerry,true,jerrycurtis
Fun!23,10359.5,Gamble,739,0,Jerry,true,jerrygamble
Fun!23,15256.04,Hampton,451,0,Jerry,true,jerryhampton
Fun!23,10431.66,Lee,198,0,Jerry,false,jerrylee
Fun!23,15833.94,Rodriguez,974,0,Jerry,true,jerryrodriguez
Fun!23,13669.17,Smith,615,0,Jerry,false,jerrysmith
Fun!23,14754.06,Dunn,889,0,Jesse,true,jessedunn
Fun!23,17843.54,Montgomery,237,0,Jesse,false,jessemontgomery
Fun!23,17287.76,Anderson,490,0,Jessica,true,jessicaanderson
Fun!23,12335.3,Fernandez,399,0,Jessica,true,jessicafernandez
Fun!23,16945.04,Frye,498,0,Jessica,false,jessicafrye
Fun!23,14656.43,Lloyd,827,0,Jessica,true,jessicalloyd
Fun!23,12387.87,Martin,254,0,Jessica,false,jessicamartin
Fun!23,14223.73,Moore,248,0,Jessica,true,jessicamoore
Fun!23,10005.65,Olsen,537,0,Jessica,false,jessicaolsen
Fun!23,13806.87,Ramirez,644,0,Jessica,true,jessicaramirez
Fun!23,17823.84,Smith,1028,0,Jessica,false,jessicasmith
Fun!23,12429.01,Bruno,45,0,Jesus,true,jesusbruno
Fun!23,13674.17,Macias,65,0,Jesus,true,jesusmacias
Fun!23,10602.03,Henderson,172,0,Jill,true,jillhenderson
Fun!23,10459.48,Solis,429,0,Jill,true,jillsolis
Fun!23,11776.14,Knight,648,0,Joanna,false,joannaknight
Fun!23,13323.97,Trevino,230,0,Joanna,false,joannatrevino
Fun!23,13486.93,Sanchez,865,0,Jody,false,jodysanchez
Fun!23,13971.07,Cochran,491,0,Joe,false,joecochran
Fun!23,15282.01,Arellano,239,0,Joel,true,joelarellano
Fun!23,15205,Welch,561,0,Joel,true,joelwelch
Fun!23,13355.62,Blair,700,0,John,true,johnblair
Fun!23,13076.41,Blevins,691,0,John,false,johnblevins
Fun!23,10005.71,Davis,707,0,John,false,johndavis
Fun!23,11339.7,Hansen,973,0,John,false,johnhansen
Fun!23,14313.07,Hill,701,0,John,false,johnhill
Fun!23,14911.05,House,874,0,John,true,johnhouse
Fun!23,10602.12,Jones,730,0,John,true,johnjones
Fun!23,15458.27,Morris,428,0,John,true,johnmorris
Fun!23,15198.44,Sanders,1015,0,John,false,johnsanders
Fun!23,11670.83,White,413,0,John,true,johnwhite
Fun!23,16760.96,Lopez,446,0,Jon,true,jonlopez
Fun!23,16713.05,Avalos,41,0,Jonathan,true,jonathanavalos
Fun!23,16420.02,Ayala,44,0,Jonathan,false,jonathanayala
Fun!23,15563.05,Christian,315,0,Jonathan,true,jonathanchristian
Fun!23,11320.4,Martinez,806,0,Jonathan,false,jonathanmartinez
Fun!23,16731.62,Wilson,330,0,Jordan,true,jordanwilson
Fun!23,14169.42,Haley,721,0,Jorge,true,jorgehaley
Fun!23,15377.42,Huerta,888,0,Jorge,false,jorgehuerta
Fun!23,16053.63,Topete,84,0,Jorge,true,jorgetopete
Fun!23,10542.01,Evans,489,0,Jose,false,joseevans
Fun!23,16264.02,Farley,688,0,Jose,true,josefarley
Fun!23,12813.95,Smith,814,0,Jose,true,josesmith
Fun!23,14481.15,Brooks,388,0,Joseph,false,josephbrooks
Fun!23,16241,Davis,886,0,Joseph,false,josephdavis
Fun!23,15171.36,Fritz,823,0,Joseph,true,josephfritz
Fun!23,14910.91,Hanna,1003,0,Joseph,false,josephhanna
Fun!23,11002.52,Lewis,235,0,Joseph,false,josephlewis
Fun!23,13425.75,Macdonald,588,0,Joseph,false,josephmacdonald
Fun!23,13363.25,Robinson,871,0,Joseph,true,josephrobinson
Fun!23,14965.18,Banks,715,0,Joshua,false,joshuabanks
Fun!23,16652.72,Gomez,845,0,Joshua,true,joshuagomez
Fun!23,11011.97,Hickman,724,0,Joshua,true,joshuahickman
Fun!23,15625.61,Meadows,381,0,Joshua,false,joshuameadows
Fun!23,15054.04,Brock,838,0,Juan,true,juanbrock
Fun!23,13790.81,Jones,670,0,Julia,false,juliajones
Fun!23,14707.33,Young,699,0,Julia,true,juliayoung
Fun!23,10376.4,Gutierrez,483,0,Julian,false,juliangutierrez
Fun!23,15492.21,Alexander,166,0,Julie,false,juliealexander
Fun!23,15700.01,Shaw,828,0,Julie,false,julieshaw
Fun!23,14836.13,Davis,500,0,Justin,false,justindavis
Fun!23,13015.92,Hawkins,894,0,Justin,false,justinhawkins
Fun!23,14676.62,Martinez,419,0,Justin,true,justinmartinez
Fun!23,16368.31,Wilson,164,0,Justin,false,justinwilson
Fun!23,15900.94,Disney,28,0,Kaa,false,kaadisney
Fun!23,13449.83,Summers,916,0,Kara,true,karasummers
Fun!23,13578.67,Thomas,258,0,Karen,true,karenthomas
Fun!23,17086.07,Zhang,264,0,Karen,true,karenzhang
Fun!23,14047.14,Davis,858,0,Karl,false,karldavis
Fun!23,14144.34,Johnson,171,0,Karla,false,karlajohnson
Fun!23,13735.82,Evans,102,0,Katherine,false,katherineevans
Fun!23,13434.59,Mcdonald,950,0,Katherine,false,katherinemcdonald
Fun!23,17703.23,Hines,548,0,Kathleen,false,kathleenhines
Fun!23,11663.66,Small,321,0,Kathleen,true,kathleensmall
Fun!23,12594.89,Perez,219,0,Kathryn,false,kathrynperez
Fun!23,13303.49,Smith,787,0,Kathy,true,kathysmith
Fun!23,10350.01,Mahoney,408,0,Kayla,true,kaylamahoney
Fun!23,11817.82,Morgan,454,0,Kayla,true,kaylamorgan
Fun!23,16248.02,Smith,631,0,Kayla,false,kaylasmith
Fun!23,12095.86,Hale,528,0,Kaylee,true,kayleehale
Fun!23,10488.22,Patterson,240,0,Kaylee,false,kayleepatterson
Fun!23,12481,Christensen,783,0,Keith,true,keithchristensen
Fun!23,15586.46,Ellis,394,0,Keith,false,keithellis
Fun!23,16391.31,Ortiz,187,0,Keith,false,keithortiz
Fun!23,15985.08,Bell,479,0,Kelly,false,kellybell
Fun!23,15703.56,Harris,551,0,Kelly,false,kellyharris
Fun!23,10503.91,Herring,885,0,Kelly,false,kellyherring
Fun!23,11477.97,Jordan,723,0,Kelly,false,kellyjordan
Fun!23,11095.73,Wilson,909,0,Kelly,true,kellywilson
Fun!23,13400.02,Yu,222,0,Kelly,false,kellyyu
Fun!23,16945.23,Sawyer,1038,0,Kendra,false,kendrasawyer
Fun!23,10160.04,Boyd,877,0,Kenneth,false,kennethboyd
Fun!23,12233.03,Davis,681,0,Kenneth,false,kennethdavis
Fun!23,10231.94,House,868,0,Kenneth,true,kennethhouse
Fun!23,13140.5,Smith,353,0,Kenneth,false,kennethsmith
Fun!23,17666.56,Boone,741,0,Kevin,true,kevinboone
Fun!23,12733.02,Gould,485,0,Kevin,false,kevingould
Fun!23,16889.88,Harrison,857,0,Kevin,false,kevinharrison
Fun!23,10905.69,Larson,461,0,Kevin,true,kevinlarson
Fun!23,10222.41,Scott,333,0,Kevin,false,kevinscott
Fun!23,16976.59,Sias,80,0,Kevin,true,kevinsias
Fun!23,16096.31,Swanson,362,0,Kevin,true,kevinswanson
Fun!23,13996.54,Tran,842,0,Kevin,true,kevintran
Fun!23,15514.18,Buckley,195,0,Kim,false,kimbuckley
Fun!23,11647.27,Contreras,522,0,Kim,true,kimcontreras
Fun!23,11157.41,Craig,1016,0,Kim,false,kimcraig
Fun!23,10056.66,Garcia,335,0,Kimberly,true,kimberlygarcia
Fun!23,14956,Harris,1031,0,Kimberly,true,kimberlyharris
Fun!23,14966.74,Johnson,550,0,Kimberly,false,kimberlyjohnson
Fun!23,16671.89,Kline,131,0,Kimberly,false,kimberlykline
Fun!23,11555.26,Martinez,655,0,Kimberly,false,kimberlymartinez
Fun!23,15517.82,Mejia,998,0,Kimberly,false,kimberlymejia
Fun!23,17800.95,Miller,932,0,Kimberly,false,kimberlymiller
Fun!23,16253,Richardson,182,0,Kimberly,true,kimberlyrichardson
Fun!23,16836.43,Roberts,735,0,Kimberly,true,kimberlyroberts
Fun!23,16656.78,Robinson,114,0,Kirsten,false,kirstenrobinson
Fun!23,11209.93,Beck,967,0,Krista,true,kristabeck
Fun!23,10713.53,Blake,427,0,Krista,true,kristablake
Fun!23,16796.3,Lambert,641,0,Krista,false,kristalambert
Fun!23,12813.36,Martinez,1023,0,Kristen,false,kristenmartinez
Fun!23,17178.68,Patrick,433,0,Kristina,true,kristinapatrick
Fun!23,10017.84,Smith,856,0,Kristine,true,kristinesmith
Fun!23,15661.95,Hoover,290,0,Kristy,true,kristyhoover
Fun!23,17111.66,Thompson,396,0,Krystal,false,krystalthompson
Fun!23,10131.38,Hodges,128,0,Kyle,false,kylehodges
Fun!23,12653.52,Taylor,334,0,Kyle,true,kyletaylor
Fun!23,13293.61,King,937,0,Kylie,false,kylieking
Fun!23,15739,Summers,544,0,Kylie,false,kyliesummers
Fun!23,13211.32,Dominguez,301,0,Lance,true,lancedominguez
Fun!23,15957.97,Smith,307,0,Laura,true,laurasmith
Fun!23,16943.25,Williams,1007,0,Laura,true,laurawilliams
Fun!23,17801.79,Coleman,890,0,Lauren,true,laurencoleman
Fun!23,13948.87,Hall,281,0,Lauren,true,laurenhall
Fun!23,11080.99,Neal,161,0,Lauren,true,laurenneal
Fun!23,11600.71,Johnson,854,0,Laurie,true,lauriejohnson
Fun!23,11775.57,Mendoza,769,0,Laurie,true,lauriemendoza
Fun!23,10284.35,Henry,664,0,Lawrence,false,lawrencehenry
Fun!23,15503.31,Price,605,0,Lawrence,false,lawrenceprice
Fun!23,16897.44,Burke,212,0,Lee,false,leeburke
Fun!23,17213.19,Tovar,85,0,Leo,false,leotovar
Fun!23,10911.34,King,704,0,Leonard,true,leonardking
Fun!23,12685.04,ZapataContreras,88,0,Leonardo,true,leonardozapatacontreras
Fun!23,11959.36,Walters,261,0,Leroy,false,leroywalters
Fun!23,11813.62,Disney,35,0,Lilo,true,lilodisney
Fun!23,15379.73,Alexander,458,0,Linda,false,lindaalexander
Fun!23,16198.64,Bennett,170,0,Linda,true,lindabennett
Fun!23,17804.39,Miller,843,0,Linda,false,lindamiller
Fun!23,16463.59,Robles,607,0,Linda,false,lindarobles
Fun!23,17255.12,Rodriguez,680,0,Linda,true,lindarodriguez
Fun!23,16921.67,Webster,322,0,Lindsay,true,lindsaywebster
Fun!23,12227.47,Brown,352,0,Lisa,false,lisabrown
Fun!23,17825.37,Gaines,314,0,Lisa,true,lisagaines
Fun!23,10484.61,Garrett,220,0,Lisa,false,lisagarrett
Fun!23,14300.81,Jackson,917,0,Lisa,false,lisajackson
Fun!23,10319.84,Miller,678,0,Lisa,false,lisamiller
Fun!23,17510.9,Peters,859,0,Lisa,false,lisapeters
Fun!23,10966.74,Robinson,538,0,Lisa,false,lisarobinson
Fun!23,14872.13,Spencer,418,0,Lisa,false,lisaspencer
Fun!23,13213.7,Stafford,376,0,Lisa,false,lisastafford
Fun!23,10126.15,Yu,1022,0,Lisa,false,lisayu
Fun!23,17457.3,Jurado,62,0,Lizbeth,true,lizbethjurado
Fun!23,14021.37,Palmer,111,0,Logan,true,loganpalmer
Fun!23,12966.63,Chavez,48,0,Lorelyne,true,lorelynechavez
Fun!23,10705.44,Phillips,653,0,Loretta,true,lorettaphillips
Fun!23,10894.47,Hall,666,0,Lori,true,lorihall
Fun!23,16668.84,Johnson,774,0,Lori,true,lorijohnson
Fun!23,14492.37,Livingston,999,0,Lori,true,lorilivingston
Fun!23,16709.74,Boone,501,0,Louis,false,louisboone
Fun!23,17172.56,Jimenez,60,0,Luis,false,luisjimenez
Fun!23,15368.15,Johnson,640,0,Luis,false,luisjohnson
Fun!23,11140,Solomon,984,0,Luis,true,luissolomon
Fun!23,10843.11,Snyder,834,0,Marcia,false,marciasnyder
Fun!23,12990.67,Smith,519,0,Margaret,false,margaretsmith
Fun!23,12026.08,Kelly,1024,0,Maria,true,mariakelly
Fun!23,10607.27,Mccarthy,227,0,Maria,true,mariamccarthy
Fun!23,16642.85,Mitchell,297,0,Maria,true,mariamitchell
Fun!23,17449.01,Young,818,0,Maria,true,mariayoung
Fun!23,10051.77,Black,980,0,Mariah,false,mariahblack
Fun!23,14610,Martinez,67,0,Mario,true,mariomartinez
Fun!23,16821.42,Walker,278,0,Mario,true,mariowalker
Fun!23,10704.26,Henry,979,0,Marissa,false,marissahenry
Fun!23,11497.22,Oconnell,310,0,Marissa,true,marissaoconnell
Fun!23,10626.24,Wagner,152,0,Marissa,false,marissawagner
Fun!23,11850.58,Butler,1020,0,Mark,false,markbutler
Fun!23,10961.77,Gonzalez,862,0,Mark,false,markgonzalez
Fun!23,11286.64,Lamb,425,0,Mark,true,marklamb
Fun!23,16810.54,Lee,221,0,Mark,false,marklee
Fun!23,15952.34,Lozano,203,0,Mark,false,marklozano
Fun!23,17911.09,Ramos,188,0,Mark,true,markramos
Fun!23,14870.05,Richards,272,0,Mark,true,markrichards
Fun!23,14081.7,Rogers,643,0,Mark,true,markrogers
Fun!23,10496.89,Stewart,794,0,Mark,true,markstewart
Fun!23,17811.41,Thompson,829,0,Mark,true,markthompson
Fun!23,16940.09,Washington,883,0,Mark,true,markwashington
Fun!23,10104.09,Avila,42,0,MarkAnthony,true,markanthonyavila
Fun!23,16883.14,Perry,554,0,Martha,true,marthaperry
Fun!23,14678.42,Edwards,568,0,Martin,true,martinedwards
Fun!23,15160.05,Anderson,965,0,Mary,false,maryanderson
Fun!23,13541.96,Chapman,511,0,Mary,true,marychapman
Fun!23,12332.38,Church,279,0,Mary,false,marychurch
Fun!23,15601.09,Cruz,291,0,Mary,true,marycruz
Fun!23,12517.14,Gonzalez,686,0,Mary,true,marygonzalez
Fun!23,12748.32,Grant,927,0,Mary,true,marygrant
Fun!23,15149.97,Lee,698,0,Mary,false,marylee
Fun!23,17306.28,Stevens,378,0,Mary,true,marystevens
Fun!23,13344.08,Campbell,313,0,Matthew,true,matthewcampbell
Fun!23,12307.65,Erickson,260,0,Matthew,false,matthewerickson
Fun!23,16900.66,Gonzalez,645,0,Matthew,false,matthewgonzalez
Fun!23,16500.65,Herrera,57,0,Matthew,true,matthewherrera
Fun!23,12876.15,Khan,923,0,Matthew,false,matthewkhan
Fun!23,11653.97,Mason,892,0,Matthew,true,matthewmason
Fun!23,14322.4,Perez,289,0,Matthew,false,matthewperez
Fun!23,13877.71,Porter,493,0,Matthew,true,matthewporter
Fun!23,14438.73,Noble,125,0,Megan,true,megannoble
Fun!23,12014.16,Smith,755,0,Megan,false,megansmith
Fun!23,11157.01,Thompson,808,0,Megan,false,meganthompson
Fun!23,17513.07,Kirk,157,0,Melanie,false,melaniekirk
Fun!23,10209.7,Evans,904,0,Melissa,false,melissaevans
Fun!23,10869.95,Holt,1006,0,Melissa,true,melissaholt
Fun!23,14352.86,Johnson,810,0,Melissa,true,melissajohnson
Fun!23,15027.3,Mccormick,104,0,Melissa,false,melissamccormick
Fun!23,11198.54,Mcdonald,651,0,Melissa,false,melissamcdonald
Fun!23,16433.44,Rivera,325,0,Melissa,false,melissarivera
Fun!23,17746.87,Nichols,633,0,Mercedes,false,mercedesnichols
Fun!23,15158,Adams,516,0,Michael,true,michaeladams
Fun!23,14914.99,Castillo,400,0,Michael,true,michaelcastillo
Fun!23,17131.57,Clarke,852,0,Michael,false,michaelclarke
Fun!23,16571.07,Cowan,736,0,Michael,true,michaelcowan
Fun!23,10344.1,Flores,763,0,Michael,false,michaelflores
Fun!23,15192.03,Fox,486,0,Michael,false,michaelfox
Fun!23,15439.38,Johnson,985,0,Michael,false,michaeljohnson
Fun!23,12796.71,King,613,0,Michael,true,michaelking
Fun!23,15600.5,Martinez,539,0,Michael,true,michaelmartinez
Fun!23,14629.26,Mccormick,737,0,Michael,true,michaelmccormick
Fun!23,14868.55,Moran,158,0,Michael,true,michaelmoran
Fun!23,14524,Morton,520,0,Michael,true,michaelmorton
Fun!23,15639.26,Murray,441,0,Michael,false,michaelmurray
Fun!23,14992.51,Nunez,732,0,Michael,true,michaelnunez
Fun!23,15083.98,Parrish,673,0,Michael,true,michaelparrish
Fun!23,13729.07,Prince,830,0,Michael,true,michaelprince
Fun!23,12260.08,Robinson,492,0,Michael,false,michaelrobinson
Fun!23,10760.56,Sanchez,106,0,Michael,false,michaelsanchez
Fun!23,13094.54,Smith,180,0,Michael,true,michaelsmith
Fun!23,12726.53,Thomas,776,0,Michael,true,michaelthomas
Fun!23,11131.28,White,184,0,Michael,true,michaelwhite
Fun!23,11417.75,Williams,276,0,Michael,true,michaelwilliams
Fun!23,14321.22,Williamson,832,0,Michael,false,michaelwilliamson
Fun!23,17039.24,Miranda,507,0,Michaela,true,michaelamiranda
Fun!23,10052.29,Sanders,797,0,Micheal,false,michealsanders
Fun!23,16507.52,Cummings,386,0,Michele,false,michelecummings
Fun!23,17464.14,Stevens,113,0,Michele,false,michelestevens
Fun!23,16245.08,Griffin,803,0,Michelle,true,michellegriffin
Fun!23,15656.32,Holland,127,0,Michelle,false,michelleholland
Fun!23,13941.39,Jones,268,0,Michelle,true,michellejones
Fun!23,15403.19,Maldonado,191,0,Michelle,true,michellemaldonado
Fun!23,10702.24,Maynard,804,0,Michelle,true,michellemaynard
Fun!23,11204.71,Oliver,801,0,Michelle,true,michelleoliver
Fun!23,12336.84,Ortiz,323,0,Michelle,true,michelleortiz
Fun!23,14524.54,Pruitt,534,0,Michelle,true,michellepruitt
Fun!23,17603.32,Ramirez,590,0,Michelle,true,michelleramirez
Fun!23,17514.98,Ray,770,0,Michelle,true,michelleray
Fun!23,15271.61,Rivera,780,0,Michelle,false,michellerivera
Fun!23,12429.91,Sexton,453,0,Michelle,false,michellesexton
Fun!23,12342.37,Walsh,623,0,Michelle,true,michellewalsh
Fun!23,17041.52,Wood,480,0,Michelle,true,michellewood
Fun!23,13465.18,Mouse,1,0,Mickey,true,mickeymouse
Fun!23,16947.04,Sepulveda,79,0,Miguel,false,miguelsepulveda
Fun!23,16159.7,Dennis,1011,0,Mikayla,false,mikayladennis
Fun!23,14918.12,Ross,872,0,Mindy,false,mindyross
Fun!23,15049.78,Mouse,3,0,Minnie,true,minniemouse
Fun!23,14185.66,Mason,710,0,Miranda,true,mirandamason
Fun!23,15451.96,Walker,959,0,Miranda,true,mirandawalker
Fun!23,14263.62,Ramirez,73,0,Miriam,true,miriamramirez
Fun!23,11753.01,Horton,366,0,Misty,true,mistyhorton
Fun!23,14666.53,Jimenez,569,0,Misty,false,mistyjimenez
Fun!23,16234.59,Gross,951,0,Mitchell,true,mitchellgross
Fun!23,14793.47,Cohen,204,0,Molly,true,mollycohen
Fun!23,11592.91,Craig,746,0,Monica,false,monicacraig
Fun!23,10933.82,Davenport,126,0,Monica,false,monicadavenport
Fun!23,15918.52,Sullivan,983,0,Monica,false,monicasullivan
Fun!23,15725.37,Disney,13,0,Mufassa,false,mufassadisney
Fun!23,12873.65,Disney,34,0,Mulan,false,mulandisney
Fun!23,12415.85,Morgan,148,0,Nancy,true,nancymorgan
Fun!23,12195.67,Robles,527,0,Nancy,true,nancyrobles
Fun!23,10340.43,Richardson,621,0,Natalie,true,natalierichardson
Fun!23,14797.41,Rovelli,78,0,Natasha,false,natasharovelli
Fun!23,16172.82,Wheeler,369,0,Natasha,false,natashawheeler
Fun!23,15073,Coleman,181,0,Nathan,true,nathancoleman
Fun!23,16530.28,Thompson,726,0,Nathan,false,nathanthompson
Fun!23,11755.87,Anderson,194,0,Nicholas,true,nicholasanderson
Fun!23,12388.75,Copeland,642,0,Nicholas,false,nicholascopeland
Fun!23,13694.16,Jackson,669,0,Nicholas,false,nicholasjackson
Fun!23,17084.28,Smith,853,0,Nicholas,true,nicholassmith
Fun!23,13221.63,Hart,750,0,Nicole,true,nicolehart
Fun!23,11597.63,Harvey,288,0,Nicole,true,nicoleharvey
Fun!23,10400.31,Johnson,416,0,Nicole,false,nicolejohnson
Fun!23,11672.18,Lloyd,851,0,Nicole,true,nicolelloyd
Fun!23,13789.71,Rowland,196,0,Nicole,true,nicolerowland
Fun!23,16353.35,Horne,521,0,Noah,true,noahhorne
Fun!23,16751,Freeman,390,0,Norman,false,normanfreeman
Fun!23,11655.53,Richardson,893,0,Olivia,false,oliviarichardson
Fun!23,12004.53,Romero,193,0,Olivia,false,oliviaromero
Fun!23,13499.29,Ortiz,69,0,Oscar,false,oscarortiz
Fun!23,12477.02,Carter,123,0,Pamela,true,pamelacarter
Fun!23,14012.91,Glenn,344,0,Patricia,false,patriciaglenn
Fun!23,16205.63,Hughes,1014,0,Patricia,true,patriciahughes
Fun!23,10279.76,Mcdonald,785,0,Patricia,false,patriciamcdonald
Fun!23,16125.34,Bennett,784,0,Patrick,true,patrickbennett
Fun!23,10349.26,Henderson,100,0,Patrick,false,patrickhenderson
Fun!23,17111.46,Larsen,437,0,Patrick,true,patricklarsen
Fun!23,17364.42,Fisher,231,0,Paul,false,paulfisher
Fun!23,12602.39,Harmon,860,0,Paul,false,paulharmon
Fun!23,14748.54,Herman,942,0,Paul,true,paulherman
Fun!23,10210.62,Salas,991,0,Paul,false,paulsalas
Fun!23,17772.07,Wyatt,129,0,Paula,true,paulawyatt
Fun!23,10002.9,Gonzalez,39,0,PaulieJo,true,pauliejogonzalez
Fun!23,12717.17,Murphy,364,0,Peggy,true,peggymurphy
Fun!23,12980.59,Mcdaniel,901,0,Penny,true,pennymcdaniel
Fun!23,16572.23,Hill,697,0,Perry,true,perryhill
Fun!23,12932.81,Pan,15,0,Peter,true,peterpan
Fun!23,17586.84,Chaney,457,0,Philip,true,philipchaney
Fun!23,11402.89,Collins,414,0,Philip,false,philipcollins
Fun!23,10524.14,Holt,848,0,Philip,true,philipholt
Fun!23,14589.78,Zamora,156,0,Philip,true,philipzamora
Fun!23,10984.17,Brown,582,0,Phillip,true,phillipbrown
Fun!23,14193.95,Meyer,718,0,Phillip,false,phillipmeyer
Fun!23,12179.71,Richardson,934,0,Phillip,true,philliprichardson
Fun!23,16069.87,Disney,30,0,Pinocchio,false,pinocchiodisney
Fun!23,13281.55,Disney,5,0,Pluto,false,plutodisney
Fun!23,16543.9,Eric,31,0,Prince,true,princeeric
Fun!23,13849.18,Disney,32,0,Quasimodo,true,quasimododisney
Fun!23,14703.68,Hart,765,0,Rachel,false,rachelhart
Fun!23,15590.49,Phillips,317,0,Rachel,true,rachelphillips
Fun!23,11753.14,Roberson,411,0,Rachel,false,rachelroberson
Fun!23,17372.85,Vasquez,146,0,Rachel,false,rachelvasquez
Fun!23,10788.74,Keller,423,0,Randy,false,randykeller
Fun!23,14868.61,Booth,452,0,Ray,true,raybooth
Fun!23,13069.64,Huynh,409,0,Ray,true,rayhuynh
Fun!23,12657.64,Woodward,434,0,Raymond,true,raymondwoodward
Fun!23,10183.71,Brown,435,0,Rebecca,false,rebeccabrown
Fun!23,15687.49,Fisher,749,0,Rebecca,true,rebeccafisher
Fun!23,13269.07,Nguyen,683,0,Rebecca,true,rebeccanguyen
Fun!23,16182.24,Bradley,112,0,Renee,true,reneebradley
Fun!23,15105.94,Zimmerman,178,0,Renee,true,reneezimmerman
Fun!23,11720.66,Kane,372,0,Rhonda,true,rhondakane
Fun!23,11877.11,Rodriguez,406,0,Ricardo,true,ricardorodriguez
Fun!23,12843.02,Blackwell,154,0,Richard,false,richardblackwell
Fun!23,14156.51,Brown,179,0,Richard,true,richardbrown
Fun!23,15420.77,Edwards,540,0,Richard,true,richardedwards
Fun!23,15193.56,Paul,782,0,Richard,true,richardpaul
Fun!23,13893.4,Sullivan,766,0,Richard,true,richardsullivan
Fun!23,11945.67,Torres,144,0,Richard,false,richardtorres
Fun!23,13615.64,Vargas,149,0,Richard,true,richardvargas
Fun!23,16030.94,Parrish,609,0,Rick,false,rickparrish
Fun!23,16583.13,Gardner,564,0,Ricky,true,rickygardner
Fun!23,15843,Thompson,340,0,Ricky,false,rickythompson
Fun!23,15489.38,Owens,432,0,Rita,false,ritaowens
Fun!23,15688.48,Davis,274,0,Robert,false,robertdavis
Fun!23,16691,Flores,956,0,Robert,false,robertflores
Fun!23,13872.35,Kennedy,993,0,Robert,true,robertkennedy
Fun!23,13621.24,Leblanc,571,0,Robert,true,robertleblanc
Fun!23,17993.24,Lyons,92,0,Robert,true,robertlyons
Fun!23,12749.16,Park,224,0,Robert,true,robertpark
Fun!23,15590.84,Preston,103,0,Robert,true,robertpreston
Fun!23,10025.7,Wang,949,0,Robert,true,robertwang
Fun!23,12188.33,Wilson,358,0,Robert,false,robertwilson
Fun!23,16286.21,Wu,257,0,Robert,true,robertwu
Fun!23,17002.62,Gutierrez,226,0,Roberto,true,robertogutierrez
Fun!23,11944.58,Watson,525,0,Robin,true,robinwatson
Fun!23,11970.28,Wilson,846,0,Robin,false,robinwilson
Fun!23,15332.9,Berg,556,0,Rodney,false,rodneyberg
Fun!23,16570.47,Mcneil,742,0,Rodney,false,rodneymcneil
Fun!23,13596.4,Moss,905,0,Rodney,true,rodneymoss
Fun!23,15056.13,Casey,963,0,Roger,false,rogercasey
Fun!23,13638.54,Bond,626,0,Ronald,true,ronaldbond
Fun!23,17344.78,Kent,339,0,Ronald,true,ronaldkent
Fun!23,12652.86,Martinez,947,0,Ronald,false,ronaldmartinez
Fun!23,11007.9,Parker,136,0,Ronald,false,ronaldparker
Fun!23,17206.26,Burgess,646,0,Rose,false,roseburgess
Fun!23,13378.92,Edwards,401,0,Ruben,true,rubenedwards
Fun!23,11524.91,AvilaRodriguez,43,0,Ruth,true,ruthavilarodriguez
Fun!23,15781.19,Ponce,926,0,Ruth,false,ruthponce
Fun!23,11839.34,Bowman,547,0,Ryan,true,ryanbowman
Fun!23,17443.44,Brown,529,0,Ryan,false,ryanbrown
Fun!23,10183.73,Mcconnell,299,0,Ryan,false,ryanmcconnell
Fun!23,16277.77,Peterson,1000,0,Ryan,true,ryanpeterson
Fun!23,14075.22,Rush,89,0,Ryan,true,ryanrush
Fun!23,16008,Sullivan,549,0,Ryan,false,ryansullivan
Fun!23,14614.53,Washington,955,0,Ryan,false,ryanwashington
Fun!23,14543.67,Wilkins,445,0,Ryan,false,ryanwilkins
Fun!23,17762.09,Nguyen,778,0,Sabrina,false,sabrinanguyen
Fun!23,10786.31,RoblesHerrera,76,0,Salvador,true,salvadorroblesherrera
Fun!23,13863.19,Cooper,484,0,Samantha,true,samanthacooper
Fun!23,17550.95,Howell,197,0,Samantha,false,samanthahowell
Fun!23,12346.51,May,234,0,Samantha,false,samanthamay
Fun!23,14075.15,Thomas,436,0,Samantha,true,samanthathomas
Fun!23,13181.96,Burton,977,0,Samuel,false,samuelburton
Fun!23,14373.65,Harrington,174,0,Samuel,true,samuelharrington
Fun!23,12316.42,Newton,839,0,Sandra,false,sandranewton
Fun!23,10066.74,Rogers,173,0,Sandra,false,sandrarogers
Fun!23,10422.01,Sutton,867,0,Sandra,false,sandrasutton
Fun!23,14520.89,Blackwell,747,0,Sandy,true,sandyblackwell
Fun!23,11524.86,Fox,761,0,Sara,false,sarafox
Fun!23,15229.29,West,981,0,Sara,true,sarawest
Fun!23,14600.5,Anderson,597,0,Sarah,false,sarahanderson
Fun!23,15917.9,Cline,606,0,Sarah,false,sarahcline
Fun!23,17991.29,Griffin,682,0,Sarah,true,sarahgriffin
Fun!23,10378.29,Jones,668,0,Sarah,true,sarahjones
Fun!23,13209.42,Mosley,350,0,Sarah,false,sarahmosley
Fun!23,14246.45,Stanton,833,0,Sarah,false,sarahstanton
Fun!23,13937.44,Taylor,928,0,Sarah,true,sarahtaylor
Fun!23,15107.46,Lion,23,0,Scar,true,scarlion
Fun!23,14002.12,Bailey,635,0,Scott,false,scottbailey
Fun!23,17536.97,Dunn,663,0,Scott,true,scottdunn
Fun!23,12909.78,Rose,398,0,Scott,false,scottrose
Fun!23,15484.02,Hernandez,722,0,Sean,false,seanhernandez
Fun!23,10449.56,Hull,405,0,Sean,true,seanhull
Fun!23,14435.61,Klein,95,0,Sean,true,seanklein
Fun!23,11806.16,Medina,141,0,Sean,true,seanmedina
Fun!23,11771.15,Roberts,118,0,Sean,false,seanroberts
Fun!23,11921.9,Smith,772,0,Sean,true,seansmith
Fun!23,14046.52,Sias,81,0,Seth,false,sethsias
Fun!23,17840.08,Arnold,379,0,Shane,true,shanearnold
Fun!23,16810.38,Miller,130,0,Shane,false,shanemiller
Fun!23,13746.46,Avery,229,0,Shannon,false,shannonavery
Fun!23,12983.89,Bennett,273,0,Shannon,true,shannonbennett
Fun!23,14522.22,Holden,177,0,Shannon,true,shannonholden
Fun!23,12049.31,White,601,0,Shannon,true,shannonwhite
Fun!23,11239.05,Castillo,941,0,Sharon,true,sharoncastillo
Fun!23,17613.06,Gillespie,935,0,Sharon,false,sharongillespie
Fun!23,10870.73,Miller,200,0,Sharon,true,sharonmiller
Fun!23,15536.84,Lee,812,0,Shawn,true,shawnlee
Fun!23,12144.02,Santos,995,0,Shawn,true,shawnsantos
Fun!23,14418.81,Lewis,211,0,Sheila,false,sheilalewis
Fun!23,10518.61,Jones,1035,0,Shelly,true,shellyjones
Fun!23,16403.94,Khan,26,0,Shere,false,sherekhan
Fun!23,16216.37,Adams,584,0,Sheri,true,sheriadams
Fun!23,17743.92,Armstrong,627,0,Sherri,true,sherriarmstrong
Fun!23,14060.53,Velasquez,535,0,Sherri,true,sherrivelasquez
Fun!23,10216.69,Mora,864,0,Sherry,true,sherrymora
Fun!23,16818.64,Foster,208,0,Shirley,false,shirleyfoster
Fun!23,11868.2,Disney,12,0,Simba,true,simbadisney
Fun!23,17460.91,King,24,0,Simba,false,simbaking
Fun!23,17911.89,Durham,873,0,Sonia,true,soniadurham
Fun!23,11221.35,Paul,328,0,Stacey,false,staceypaul
Fun!23,15973.43,Maldonado,986,0,Stacy,false,stacymaldonado
Fun!23,13331.83,Harris,153,0,Stephanie,true,stephanieharris
Fun!23,12886.4,Kirby,656,0,Stephanie,false,stephaniekirby
Fun!23,12388.1,Mcdonald,96,0,Stephanie,true,stephaniemcdonald
Fun!23,14510.1,Obrien,798,0,Stephanie,false,stephanieobrien
Fun!23,10478.18,Perry,976,0,Stephanie,false,stephanieperry
Fun!23,14725.2,Williams,887,0,Stephanie,false,stephaniewilliams
Fun!23,11492.38,Ellis,121,0,Stephen,false,stephenellis
Fun!23,11398.23,Peters,1027,0,Stephen,false,stephenpeters
Fun!23,16126.73,Villegas,298,0,Stephen,true,stephenvillegas
Fun!23,16309.85,Cabrera,440,0,Steven,true,stevencabrera
Fun!23,12565.41,Hartman,660,0,Steven,false,stevenhartman
Fun!23,11898.69,Hernandez,510,0,Steven,true,stevenhernandez
Fun!23,10362.4,Miller,918,0,Steven,true,stevenmiller
Fun!23,13603.83,Owens,487,0,Steven,true,stevenowens
Fun!23,17787.63,Disney,36,0,Stitch,false,stitchdisney
Fun!23,10434.93,Allen,270,0,Susan,true,susanallen
Fun!23,11599.75,Alvarez,213,0,Susan,true,susanalvarez
Fun!23,10554.99,Davis,294,0,Susan,true,susandavis
Fun!23,14015.09,Garcia,277,0,Susan,true,susangarcia
Fun!23,15496.5,Hill,160,0,Susan,true,susanhill
Fun!23,11993.27,Humphrey,256,0,Susan,true,susanhumphrey
Fun!23,10467.93,PerezJuarez,71,0,Susana,false,susanaperezjuarez
Fun!23,17378.31,Kennedy,944,0,Suzanne,false,suzannekennedy
Fun!23,13050.85,Alexander,293,0,Tami,true,tamialexander
Fun!23,11782.88,Weaver,508,0,Tami,false,tamiweaver
Fun!23,14208.08,Martinez,286,0,Tammy,false,tammymartinez
Fun!23,14554.84,Thomas,1004,0,Tammy,true,tammythomas
Fun!23,16462.14,Waters,970,0,Tammy,false,tammywaters
Fun!23,14124.15,Davis,271,0,Tanya,false,tanyadavis
Fun!23,15394.51,Johnson,807,0,Tanya,true,tanyajohnson
Fun!23,13468.65,Kent,393,0,Tanya,false,tanyakent
Fun!23,12470.78,Turner,822,0,Tanya,false,tanyaturner
Fun!23,11215.07,Rodriguez,450,0,Tara,true,tararodriguez
Fun!23,16464.98,Johnson,1033,0,Taylor,false,taylorjohnson
Fun!23,15574.55,Gardner,657,0,Teresa,false,teresagardner
Fun!23,14010.72,Jacobs,380,0,Teresa,false,teresajacobs
Fun!23,16769.16,Stewart,711,0,Teresa,true,teresastewart
Fun!23,10999.81,Taylor,788,0,Teresa,false,teresataylor
Fun!23,17590.66,Dixon,972,0,Terrence,true,terrencedixon
Fun!23,16901.95,Mendez,410,0,Terri,false,terrimendez
Fun!23,13484.37,Strickland,475,0,Terri,false,terristrickland
Fun!23,13000.77,Clark,579,0,Theresa,true,theresaclark
Fun!23,13564.93,Hardy,468,0,Theresa,false,theresahardy
Fun!23,13437.5,Macias,300,0,Theresa,false,theresamacias
Fun!23,17254.11,Obrien,107,0,Theresa,false,theresaobrien
Fun!23,11962.36,Bonilla,477,0,Thomas,false,thomasbonilla
Fun!23,14379.7,Clark,138,0,Thomas,true,thomasclark
Fun!23,11608.4,Elliott,382,0,Thomas,false,thomaselliott
Fun!23,11073.05,Hall,708,0,Thomas,false,thomashall
Fun!23,11177.07,King,168,0,Thomas,false,thomasking
Fun!23,16184.56,Sanders,706,0,Thomas,false,thomassanders
Fun!23,16733.92,Stevenson,1018,0,Thomas,true,thomasstevenson
Fun!23,10043.64,Davis,523,0,Tiffany,true,tiffanydavis
Fun!23,10369.1,Jones,759,0,Tiffany,false,tiffanyjones
Fun!23,13384.25,May,426,0,Tiffany,true,tiffanymay
Fun!23,16438.57,Bernard,693,0,Timothy,false,timothybernard
Fun!23,12099.6,Greene,989,0,Timothy,false,timothygreene
Fun!23,16274.43,Johnson,790,0,Timothy,false,timothyjohnson
Fun!23,15049.35,Jones,713,0,Timothy,false,timothyjones
Fun!23,12913.59,Romero,217,0,Timothy,true,timothyromero
Fun!23,14114.53,Wagner,1025,0,Timothy,true,timothywagner
Fun!23,16975.83,Brooks,143,0,Todd,false,toddbrooks
Fun!23,13408.58,Perez,90,0,Tom,false,tomperez
Fun!23,14388.82,Elliott,1019,0,Tonya,true,tonyaelliott
Fun!23,16455.17,Fitzgerald,786,0,Tracy,false,tracyfitzgerald
Fun!23,10560.76,Burton,692,0,Travis,true,travisburton
Fun!23,16796.39,Mcdonald,110,0,Travis,true,travismcdonald
Fun!23,14885.35,Ruiz,377,0,Travis,false,travisruiz
Fun!23,16409.41,Young,456,0,Trevor,true,trevoryoung
Fun!23,13494.03,Baxter,618,0,Tyler,false,tylerbaxter
Fun!23,11153.45,Evans,930,0,Tyler,false,tylerevans
Fun!23,12180.05,Alvarado,881,0,Tyrone,false,tyronealvarado
Fun!23,13377.91,Johnston,679,0,Tyrone,false,tyronejohnston
Fun!23,10975.28,Mermaid,19,0,Ursela,true,urselamermaid
Fun!23,13985.58,Duron,50,0,Valeria,true,valeriaduron
Fun!23,14113.34,Moore,348,0,Valerie,false,valeriemoore
Fun!23,17289.26,Carson,1029,0,Vanessa,true,vanessacarson
Fun!23,10195.3,Watson,614,0,Vanessa,true,vanessawatson
Fun!23,12308.9,Anderson,840,0,Victor,true,victoranderson
Fun!23,16187.29,Cabral,46,0,Victor,true,victorcabral
Fun!23,13765.67,Harris,717,0,Victor,false,victorharris
Fun!23,17140.45,HerreraVidales,58,0,Victor,true,victorherreravidales
Fun!23,13742.66,Ross,603,0,Victor,false,victorross
Fun!23,16906.94,Ellis,908,0,Victoria,true,victoriaellis
Fun!23,13612.94,Martin,151,0,Victoria,true,victoriamartin
Fun!23,14635.2,Moses,524,0,Victoria,false,victoriamoses
Fun!23,11564.93,White,837,0,Victoria,true,victoriawhite
Fun!23,16850.78,Harrison,961,0,Vincent,false,vincentharrison
Fun!23,16590.85,Phelps,215,0,Virginia,true,virginiaphelps
Fun!23,15452.82,Campos,514,0,Wendy,false,wendycampos
Fun!23,15906.27,Montoya,869,0,Wendy,false,wendymontoya
Fun!23,16583.44,Phillips,1030,0,Wendy,true,wendyphillips
Fun!23,13753.65,Stanton,467,0,Wendy,false,wendystanton
Fun!23,17158.25,Lambert,478,0,Wesley,false,wesleylambert
Fun!23,14706.65,Williamson,702,0,Wesley,true,wesleywilliamson
Fun!23,15043.34,Adkins,727,0,William,true,williamadkins
Fun!23,13652.36,Evans,552,0,William,true,williamevans
Fun!23,10578.4,Hunter,266,0,William,false,williamhunter
Fun!23,17729.61,Ortiz,675,0,William,true,williamortiz
Fun!23,16102.17,Rice,764,0,William,false,williamrice
Fun!23,13053.42,Wolf,355,0,William,false,williamwolf
Fun!23,14107.56,Hobbs,728,0,Willie,true,williehobbs
Fun!23,16399.48,Disney,16,0,Woody,false,woodydisney
Fun!23,17954.87,Parada,70,0,Ximena,false,ximenaparada
Fun!23,13196.84,Campbell,988,0,Zachary,false,zacharycampbell
Fun!23,11023.99,Ellison,205,0,Zachary,true,zacharyellison
Fun!23,16738.59,Tran,412,0,Zachary,false,zacharytran